標題,網址
4/11 台股不斷更新,https://tw.news.yahoo.com/live/%E7%BE%8E%E5%B0%8D%E4%B8%AD%E9%97%9C%E7%A8%85%E9%81%94145%EF%BC%85%EF%BC%81%E9%97%9C%E7%A8%85%E6%88%B0%E7%99%BD%E7%86%B1%E5%8C%96-%E7%BE%8E%E8%82%A1%E6%85%98%E5%90%90%E5%9B%9E%E5%89%8D%E6%97%A5%E9%A9%9A%E4%BA%BA%E6%BC%B2%E5%B9%85%E5%8F%B0%E8%82%A1%E8%B5%B0%E5%8B%A2%E3%80%81%E5%8F%B0%E7%A9%8D%E9%9B%BB%E4%B8%80%E6%AC%A1%E7%9C%8B%EF%BC%81%E3%80%90%E4%B8%8D%E6%96%B7%E6%9B%B4%E6%96%B0%E3%80%91-001113279.html
美關稅暫鬆手 台積、蘋果大利多,https://tw.news.yahoo.com/%E6%9A%AB%E6%99%82%E8%A7%A3%E5%A5%97-%E7%BE%8E%E6%B5%B7%E9%97%9C%E5%85%AC%E5%91%8A%E6%89%8B%E6%A9%9F%E9%9B%BB%E8%85%A6%E7%AD%89%E9%9B%BB%E5%AD%90%E7%94%A2%E5%93%81%E8%B1%81%E5%85%8D%E5%B0%8D%E7%AD%89%E9%97%9C%E7%A8%85-142535123.html
新竹到苗栗 18柴犬「沿路丟」,https://tw.news.yahoo.com/%E6%9F%B4%E7%8A%AC18%E9%9A%BB%E6%96%B0%E7%AB%B9%E8%87%B3%E8%8B%97%E6%A0%97%E6%B2%BF%E8%B7%AF%E6%A3%84%E9%A4%8A-%E7%96%91%E9%9D%9E%E6%B3%95%E7%B9%81%E6%AE%96%E5%A0%B4%E6%B6%89%E6%A1%88-113323029.html
大雨夜襲北台灣 一路下到天亮,https://tw.news.yahoo.com/%E5%8F%B0%E4%B8%AD%E4%BB%A5%E5%8C%978%E7%B8%A3%E5%B8%82%E5%A4%A7%E9%9B%A8%E7%89%B9%E5%A0%B1-%E5%8C%97%E5%8C%97%E5%9F%BA%E6%A1%83%E7%AB%B95%E7%B8%A3%E5%B8%82%E9%98%B2%E5%A4%A7%E9%9B%B7%E9%9B%A8-131004665.html
「MIT就是MIT」卓喊話謹慎,https://tw.news.yahoo.com/%E5%8D%93%E6%A6%AE%E6%B3%B0%EF%BC%9A%E5%8F%B0%E7%81%A3%E5%87%BA%E5%8F%A3%E3%80%8Cmit%E5%B0%B1%E6%98%AFmit%E3%80%8D-%E5%95%9F%E5%8B%95%E5%8F%8D%E6%B4%97%E7%94%A2%E5%9C%B0%E3%80%81%E5%8F%8D%E5%82%BE%E9%8A%B7%E8%A1%8C%E5%8B%95-123632746.html
泰國潑水節第一天 27人意外亡,https://tw.news.yahoo.com/%E6%B3%B0%E5%9C%8B%E6%BD%91%E6%B0%B4%E7%AF%80%E7%AC%AC-%E5%A4%A927%E4%BA%BA%E6%AD%BB%E4%BA%A1-201%E4%BA%BA%E5%8F%97%E5%82%B7-%E5%AE%98%E6%96%B9%E6%95%B8%E6%93%9A%E6%9B%9D%E5%85%89-102400891.html
士林路面塌陷成大洞 緊急封街,https://tw.news.yahoo.com/%E5%8C%97%E5%B8%82%E5%A3%AB%E6%9E%97%E9%A9%9A%E5%82%B3%E5%A4%A9%E5%9D%91-%E8%B7%AF%E9%9D%A2%E5%A1%8C%E9%99%B7%E6%88%90-%E5%80%8B%E6%B4%9E-%E6%80%A5%E5%B0%81%E8%A1%97%E9%96%8B%E6%8C%96-112343615.html
「共諜何仁傑」證實是民進黨員,https://tw.news.yahoo.com/%E5%90%B3%E9%87%97%E7%87%AE%E7%A7%98%E6%9B%B8%E4%BD%95%E4%BB%81%E5%82%91%E9%A9%9A%E7%88%86%E6%98%AF%E5%85%B1%E8%AB%9C-%E5%90%B3%E5%B4%A2%E8%AA%8D%E4%BA%86-%E8%AD%89%E5%AF%A6%E6%98%AF%E6%B0%91%E9%80%B2%E9%BB%A8%E5%93%A1-071654577.html
林岱樺服務處人員 2羈押3交保,https://tw.news.yahoo.com/%E6%9E%97%E5%B2%B1%E6%A8%BA%E6%B6%89%E8%A9%90%E9%A0%98%E5%8A%A9%E7%90%86%E8%B2%BB%E6%A1%88%E6%93%B4%E5%A4%A7-%E6%9C%8D%E5%8B%99%E8%99%955%E4%BA%BA2%E7%BE%88%E6%8A%BC3%E4%BA%A4%E4%BF%9D-042631205.html
台南店家付薪「近7千全硬幣」,https://tw.news.yahoo.com/%E5%93%A1%E5%B7%A5%E5%82%BB%E7%9C%BC-%E8%BF%917%E5%8D%83%E8%96%AA%E6%B0%B4-%E5%85%A8%E7%A1%AC%E5%B9%A3-%E5%BA%97%E5%AE%B6-%E6%85%8B%E5%BA%A6%E4%B8%8D%E4%BD%B3%E7%9A%84-110725110.html
